{
  "n": 20,
  "cities": [
    [
      37.454011884736246,
      95.07143064099162
    ],
    [
      73.1993941811405,
      59.86584841970366
    ],
    [
      15.601864044243651,
      15.599452033620265
    ],
    [
      5.8083612168199465,
      86.61761457749351
    ],
    [
      60.11150117432088,
      70.80725777960456
    ],
    [
      2.0584494295802447,
      96.99098521619943
    ],
    [
      83.24426408004217,
      21.233911067827616
    ],
    [
      18.182496720710063,
      18.34045098534338
    ],
    [
      30.42422429595377,
      52.475643163223786
    ],
    [
      43.194501864211574,
      29.122914019804192
    ],
    [
      61.18528947223795,
      13.949386065204184
    ],
    [
      29.214464853521815,
      36.63618432936917
    ],
    [
      45.606998421703594,
      78.51759613930136
    ],
    [
      19.967378215835975,
      51.42344384136116
    ],
    [
      59.24145688620425,
      4.645041271999773
    ],
    [
      60.75448519014384,
      17.052412368729154
    ],
    [
      6.505159298527952,
      94.88855372533332
    ],
    [
      96.56320330745594,
      80.83973481164611
    ],
    [
      30.46137691733707,
      9.767211400638388
    ],
    [
      68.42330265121569,
      44.01524937396013
    ]
  ],
  "distances": [
    [
      0.0,
      50.17136010769449,
      82.4215490573505,
      32.75536921225664,
      33.19807081074011,
      35.44757440621362,
      86.88340746556328,
      79.11406029039841,
      43.171970355713015,
      66.19788568934426,
      84.52194775377048,
      59.01328788315035,
      18.452659054491896,
      47.020517954729414,
      93.01410997265154,
      81.42407057144489,
      30.94939289176983,
      60.798336135347725,
      85.59034270286307,
      59.71457624525796
    ],
    [
      50.17136010769449,
      0.0,
      72.64288903176,
      72.50660877850522,
      17.05893848218244,
      80.24531015768507,
      39.91648775687982,
      68.92907687074513,
      43.40887342974347,
      42.95837029575287,
      47.462197874820774,
      49.74224865951866,
      33.30507463947364,
      53.89732571097433,
      56.95754169180125,
      44.58549165687278,
      75.33067670943937,
      31.396998061486848,
      65.85143544987625,
      16.55453232233231
    ],
    [
      82.4215490573505,
      72.64288903176,
      0.0,
      71.69025114155171,
      70.91551038198544,
      82.51064024255031,
      67.87666322979612,
      3.7646700073437263,
      39.743626352643325,
      30.728450757493224,
      45.61328086697604,
      25.056875433217236,
      69.70653446207666,
      36.089002521868906,
      44.99347928918595,
      45.17599240836434,
      79.80922054693643,
      103.97611722049317,
      15.963087221043237,
      59.97967918384845
    ],
    [
      32.75536921225664,
      72.50660877850522,
      71.69025114155171,
      0.0,
      56.55792067712963,
      11.030351618150954,
      101.34765777699198,
      69.38941055851294,
      42.090556270777356,
      68.58107687055453,
      91.36342604193437,
      55.19047976870782,
      40.61455185109152,
      37.935569274527296,
      97.84987729751182,
      88.64758258428795,
      8.300238668492678,
      90.93857958801019,
      80.70784132644813,
      75.73369403223403
    ],
    [
      33.19807081074011,
      17.05893848218244,
      70.91551038198544,
      56.55792067712963,
      0.0,
      63.684726578288966,
      54.70504020525312,
      67.16254335310155,
      34.8910089119867,
      44.98632437022885,
      56.86801031511436,
      46.06830921740191,
      16.42650047093703,
      44.57895076040253,
      66.16793687476175,
      53.7586907726715,
      58.76690143039842,
      37.807104938109774,
      67.86027652758955,
      28.051697955728674
    ],
    [
      35.44757440621362,
      80.24531015768507,
      82.51064024255031,
      11.030351618150954,
      63.684726578288966,
      0.0,
      111.04175243565396,
      80.28630914325089,
      52.784778694839765,
      79.3615139587427,
      101.940621947213,
      66.18271045971356,
      47.30478013167194,
      48.96049996904419,
      108.61707832900673,
      99.1735854090981,
      4.918683445026974,
      95.87497794079769,
      91.73174482425877,
      84.91597217930166
    ],
    [
      86.88340746556328,
      39.91648775687982,
      67.87666322979612,
      101.34765777699198,
      54.70504020525312,
      111.04175243565396,
      0.0,
      65.1260752937622,
      61.36776374541595,
      40.819355961612956,
      23.230640655427422,
      56.182285696483525,
      68.54184372778526,
      70.10971525941346,
      29.177480259396745,
      22.875206794411255,
      106.36680209385388,
      61.075759236563705,
      54.01405723039491,
      27.17812121345445
    ],
    [
      79.11406029039841,
      68.92907687074513,
      3.7646700073437263,
      69.38941055851294,
      67.16254335310155,
      80.28630914325089,
      65.1260752937622,
      0.0,
      36.263910972857154,
      27.23714211124324,
      43.2263997525093,
      21.364413857606092,
      66.13162702087652,
      33.131106505261286,
      43.2828194216595,
      42.59146916601366,
      77.43366349568869,
      100.24817027676013,
      14.9756914985543,
      56.4210408698993
    ],
    [
      43.171970355713015,
      43.40887342974347,
      39.743626352643325,
      42.090556270777356,
      34.8910089119867,
      52.784778694839765,
      61.36776374541595,
      36.263910972857154,
      0.0,
      26.61634737555601,
      49.300259804207,
      15.885590138799637,
      30.144650353947945,
      10.509650486871724,
      55.84083963764653,
      46.63400053426328,
      48.69267555495985,
      71.96447901377473,
      42.7084479223571,
      38.92952888128427
    ],
    [
      66.19788568934426,
      42.95837029575287,
      30.728450757493224,
      68.58107687055453,
      44.98632437022885,
      79.3615139587427,
      40.819355961612956,
      27.23714211124324,
      26.61634737555601,
      0.0,
      23.535173450521736,
      15.871063781764791,
      49.45356166471819,
      32.1995792410255,
      29.268942921389595,
      21.30844960375166,
      75.30755090812312,
      74.31586537579742,
      23.16842020497513,
      29.2963144687345
    ],
    [
      84.52194775377048,
      47.462197874820774,
      45.61328086697604,
      91.36342604193437,
      56.86801031511436,
      101.940621947213,
      23.230640655427422,
      43.2263997525093,
      49.300259804207,
      23.535173450521736,
      0.0,
      39.20235250950669,
      66.42090713192574,
      55.70656347820587,
      9.505225781292967,
      3.1327886251450896,
      97.6783778393579,
      75.66977958705003,
      31.007247340035388,
      30.924827748588232
    ],
    [
      59.01328788315035,
      49.74224865951866,
      25.056875433217236,
      55.19047976870782,
      46.06830921740191,
      66.18271045971356,
      56.182285696483525,
      21.364413857606092,
      15.885590138799637,
      15.871063781764791,
      39.20235250950669,
      0.0,
      44.975191072157706,
      17.440517628782285,
      43.87543144685701,
      37.12542265134339,
      62.52240477647941,
      80.55933494372722,
      26.89789017636431,
      39.897162334910135
    ],
    [
      18.452659054491896,
      33.30507463947364,
      69.70653446207666,
      40.61455185109152,
      16.42650047093703,
      47.30478013167194,
      68.54184372778526,
      66.13162702087652,
      30.144650353947945,
      49.45356166471819,
      66.42090713192574,
      44.975191072157706,
      0.0,
      37.302589897286126,
      75.12025572535465,
      63.30414813699246,
      42.39058946391719,
      51.00908884083669,
      70.39890093224263,
      41.364183432161504
    ],
    [
      47.020517954729414,
      53.89732571097433,
      36.089002521868906,
      37.935569274527296,
      44.57895076040253,
      48.96049996904419,
      70.10971525941346,
