{
  "Hill Climbing First": {
    "algorithm": "Hill Climbing First",
    "n": 20,
    "best_cost": 386.4296894765133,
    "mean_cost": 474.58670529091233,
    "std_cost": 40.51322162869105,
    "min_cost": 386.4296894765133,
    "max_cost": 580.4115183720565,
    "mean_time": 0.026810574531555175,
    "std_time": 0.008089732098022646,
    "mean_evals": 1930.5333333333333,
    "all_costs": [
      386.62667700610024,
      386.6266770061003,
      517.8891922030475,
      472.6948792418603,
      518.3843351917658,
      457.22977284261515,
      494.0356493606353,
      386.4296894765133,
      465.5619506339629,
      478.9463299807524,
      478.2644644706557,
      466.8110257903611,
      474.0801953716408,
      499.9022829704204,
      424.28391736518347,
      485.4123380949554,
      445.3907438699795,
      580.4115183720565,
      496.74399535740946,
      467.3248070393613,
      464.6840626131228,
      502.9142960757689,
      496.53325916118746,
      470.2507923493266,
      526.5738750143406,
      470.50296237236745,
      493.26830702121117,
      451.1008884602953,
      490.3666714856745,
      488.35560252869834
    ],
    "all_times": [
      0.03853774070739746,
      0.02663445472717285,
      0.021828174591064453,
      0.015854835510253906,
      0.02116703987121582,
      0.0262753963470459,
      0.023671865463256836,
      0.043474435806274414,
      0.03293633460998535,
      0.016658544540405273,
      0.046164512634277344,
      0.023334503173828125,
      0.017418384552001953,
      0.021760225296020508,
      0.030663490295410156,
      0.03974199295043945,
      0.023252487182617188,
      0.02237534523010254,
      0.015909194946289062,
      0.027927637100219727,
      0.032164573669433594,
      0.032718658447265625,
      0.017650842666625977,
      0.0365753173828125,
      0.01730656623840332,
      0.02301025390625,
      0.02398061752319336,
      0.026585817337036133,
      0.0322878360748291,
      0.026450157165527344
    ]
  },
  "Hill Climbing Best": {
    "algorithm": "Hill Climbing Best",
    "n": 20,
    "best_cost": 386.42968947651343,
    "mean_cost": 458.6832195196002,
    "std_cost": 41.822411515823205,
    "min_cost": 386.42968947651343,
    "max_cost": 553.9447780243815,
    "mean_time": 0.037863969802856445,
    "std_time": 0.008625740909695421,
    "mean_evals": 2787.6666666666665,
    "all_costs": [
      428.35431561435945,
      435.2560568946612,
      466.42697868814577,
      472.5807492201573,
      422.3833888862473,
      441.81199746800297,
      470.6912590846755,
      492.34462926455564,
      436.13292424907326,
      448.4074740228969,
      500.8585807626671,
      420.72143193481054,
      386.42968947651343,
      432.7864287194314,
      493.9492055680435,
      473.2830842526116,
      494.05208205746067,
      546.5734465167853,
      553.9447780243815,
      499.5137354540796,
      405.0441302061187,
      458.35368107414627,
      465.9424732690263,
      470.1248832033536,
      481.38843238968394,
      476.937485020002,
      386.42968947651343,
      386.42968947651343,
      492.8217795313925,
      420.5221057816962
    ],
    "all_times": [
      0.04257059097290039,
      0.03753304481506348,
      0.04392576217651367,
      0.03692030906677246,
      0.0544586181640625,
      0.02965545654296875,
      0.03347921371459961,
      0.04034161567687988,
      0.044683218002319336,
      0.04131889343261719,
      0.025983810424804688,
      0.03790283203125,
      0.029796123504638672,
      0.04375934600830078,
      0.03637409210205078,
      0.025561094284057617,
      0.029802799224853516,
      0.028212547302246094,
      0.03190469741821289,
      0.03277850151062012,
      0.05670499801635742,
      0.033759117126464844,
      0.030175209045410156,
      0.05299258232116699,
      0.03337502479553223,
      0.04459571838378906,
      0.055104732513427734,
      0.03885936737060547,
      0.0356900691986084,
      0.027699708938598633
    ]
  },
  "Multi-Start HC": {
    "algorithm": "Multi-Start HC",
    "n": 20,
    "best_cost": 386.4296894765133,
    "mean_cost": 388.632664505583,
    "std_cost": 8.169382399843244,
    "min_cost": 386.4296894765133,
    "max_cost": 420.3251182521093,
    "mean_time": 1.3475070079167684,
    "std_time": 0.2325395032540679,
    "mean_evals": 88057.0,
    "all_costs": [
      386.4296894765134,
      386.4296894765133,
      386.4296894765134,
      386.42968947651343,
      386.62667700610035,
      386.4296894765134,
      386.42968947651343,
      386.4296894765134,
      386.4296894765134,
      386.4296894765133,
      386.4296894765133,
      386.4296894765134,
      386.4296894765133,
      386.42968947651343,
      386.4296894765134,
      420.3251182521093,
      386.62667700610024,
      386.4296894765134,
      386.6266770061004,
      418.03254898424206,
      386.42968947651343,
      386.42968947651343,
      386.4296894765134,
      386.4296894765134,
      386.4296894765133,
      386.4296894765133,
      386.4296894765134,
      386.4296894765134,
      386.4296894765133,
      386.4296894765134
    ],
    "all_times": [
      1.0815043449401855,
      1.1432468891143799,
      1.0530779361724854,
      1.1824722290039062,
      1.0422873497009277,
      0.9865500926971436,
      1.1118700504302979,
      1.3123786449432373,
      1.4109859466552734,
      1.7166955471038818,
      1.6598222255706787,
      1.5272955894470215,
      1.4667019844055176,
      1.503424882888794,
      1.331827163696289,
      1.3572447299957275,
      1.6078214645385742,
      1.9663867950439453,
      1.5982422828674316,
      1.394005298614502,
      1.3804655075073242,
      1.222811222076416,
      1.1916649341583252,
      1.1180367469787598,
      1.1836769580841064,
      1.228978157043457,
      1.2005443572998047,
      1.301851511001587,
      1.4449436664581299,
      1.6983957290649414
    ]
  },
  "Simulated Annealing": {
    "algorithm": "Simulated Annealing",
    "n": 20,
    "best_cost": 386.4296894765133,
    "mean_cost": 401.55302950258744,
    "std_cost": 26.972805434308363,
    "min_cost": 386.4296894765133,
    "max_cost": 478.94632998075235,
    "mean_time": 0.26635425090789794,
    "std_time": 0.03702881378310078,
    "mean_evals": 10001.0,
    "all_costs": [
      386.62667700610035,
      386.4296894765134,
      386.6266770061003,
      386.4296894765133,
      386.62667700610024,
      426.2811128042088,
      386.4296894765134,
      386.6266770061003,
      386.4296894765134,
      386.4296894765133,
      464.0180023933521,
      386.4296894765133,
      444.2667781991673,
      422.94885299795965,
      386.4296894765134,
      386.6266770061003,
      386.62667700610024,
      433.3062528119832,
      386.4296894765134,
      386.42968947651343,
      386.6266770061003,
      386.4296894765135,
      386.42968947651343,
      386.4296894765134,
      478.94632998075235,
      420.72143193481065,
      386.42968947651343,
      453.2700427649849,
      386.4296894765134,
      386.4296894765134
    ],
    "all_times": [
      0.32940220832824707,
      0.3228719234466553,
      0.30484986305236816,
      0.29823970794677734,
      0.3112037181854248,
      0.29787707328796387,
      0.2892904281616211,
      0.3149223327636719,
      0.29625916481018066,
      0.27263402938842773,
      0.3243744373321533,
      0.2870807647705078,
      0.2583005428314209,
      0.2359769344329834,
      0.22905921936035156,
      0.22501564025878906,
      0.23147892951965332,
      0.22429943084716797,
      0.24434375762939453,
      0.22546911239624023,
      0.3124551773071289,
      0.2326972484588623,
      0.28401708602905273,
      0.24489974975585938,
      0.24875545501708984,
      0.23060178756713867,
      0.2312307357788086,
      0.23368525505065918,
      0.21410369873046875,
      0.23523211479187012
    ]
  },
  "Tabu Search": {
    "algorithm": "Tabu Search",
    "n": 20,