{
  "Hill Climbing First": {
    "algorithm": "Hill Climbing First",
    "n": 80,
    "best_cost": 948.5790796013845,
    "mean_cost": 1139.1038584745331,
    "std_cost": 102.61275734527698,
    "min_cost": 948.5790796013845,
    "max_cost": 1379.4067956295319,
    "mean_time": 7.522854582468669,
    "std_time": 3.6752438358206705,
    "mean_evals": 193396.83333333334,
    "all_costs": [
      1167.7025339428194,
      1220.403418440004,
      970.1216901170659,
      1250.2200026223459,
      948.5790796013845,
      1087.3817530529539,
      976.4475456920358,
      1121.4971991475657,
      1185.2097920681363,
      974.4553415433325,
      1193.3504715388533,
      1066.3858685494472,
      1103.2643118792923,
      1086.8310205421974,
      1105.8896344008574,
      1020.4091245999158,
      1197.7080700407064,
      1138.93114136806,
      1134.0663949022155,
      1191.2128378012255,
      1208.7122484165166,
      1302.1919051922966,
      1229.0035021351548,
      1067.5870395835216,
      1291.6842990886132,
      1379.4067956295319,
      1164.7847777860004,
      1219.7903926587503,
      1073.575057889661,
      1096.3125040055295
    ],
    "all_times": [
      11.470048427581787,
      14.705761194229126,
      14.03770923614502,
      8.874186515808105,
      9.596107244491577,
      7.95901346206665,
      18.01618480682373,
      15.0906822681427,
      4.2235107421875,
      8.135236024856567,
      7.327612638473511,
      4.78008246421814,
      7.971670866012573,
      5.948917388916016,
      3.9878649711608887,
      5.621309757232666,
      4.781144142150879,
      4.34558629989624,
      5.530953884124756,
      7.579853773117065,
      7.454614162445068,
      3.7548470497131348,
      5.910197019577026,
      8.222808122634888,
      3.746783494949341,
      5.364951133728027,
      5.454545259475708,
      5.708049774169922,
      3.22190523147583,
      6.863500118255615
    ]
  },
  "Hill Climbing Best": {
    "algorithm": "Hill Climbing Best",
    "n": 80,
    "best_cost": 1012.658398025518,
    "mean_cost": 1251.0801242638788,
    "std_cost": 110.43540383670607,
    "min_cost": 1012.658398025518,
    "max_cost": 1475.342087013541,
    "mean_time": 8.191172631581624,
    "std_time": 0.9545157788383749,
    "mean_evals": 266494.3333333333,
    "all_costs": [
      1236.58867748123,
      1248.1994358160978,
      1012.658398025518,
      1356.304121052867,
      1355.3455567892283,
      1208.8264486725031,
      1127.4213213959035,
      1475.342087013541,
      1282.8282962867424,
      1249.010413823872,
      1208.5997033276362,
      1275.6655382265017,
      1331.5267833254115,
      1257.5359772448303,
      1269.4658564035924,
      1182.5427739315865,
      1165.2171852650904,
      1398.3672063273839,
      1423.6035419228651,
      1158.0119876944584,
      1369.7433022391904,
      1310.830692688227,
      1139.5253860469174,
      1302.868970576387,
      1264.7418775706878,
      1273.8725145865753,
      1074.1562731603526,
      1145.2443202073678,
      1043.4016340912292,
      1384.9574467225757
    ],
    "all_times": [
      7.9525206089019775,
      8.569226026535034,
      9.088651180267334,
      10.377332210540771,
      7.525566577911377,
      8.051833629608154,
      8.269379138946533,
      7.074704647064209,
      6.736408472061157,
      9.484853744506836,
      7.872137069702148,
      8.750412702560425,
      5.956965684890747,
      6.684391498565674,
      8.064687967300415,
      8.371595859527588,
      8.6292724609375,
      7.794193506240845,
      8.549116849899292,
      7.636984586715698,
      8.114975690841675,
      10.029078960418701,
      7.1809093952178955,
      7.5665202140808105,
      8.376001834869385,
      8.486138343811035,
      8.720074892044067,
      7.973731756210327,
      9.703935861587524,
      8.143577575683594
    ]
  },
  "Multi-Start HC": {
    "algorithm": "Multi-Start HC",
    "n": 80,
    "best_cost": 947.8519773961166,
    "mean_cost": 1033.9762015762624,
    "std_cost": 32.66026219875538,
    "min_cost": 947.8519773961166,
    "max_cost": 1093.4554969925578,
    "mean_time": 352.6776184717814,
    "std_time": 348.5671133283817,
    "mean_evals": 8109854.0,
    "all_costs": [
      1063.5794179930642,
      1025.2477999810772,
      1029.147588193171,
      1039.8426863268219,
      1035.2563947953822,
      1050.887556567851,
      1039.5215849347533,
      1068.8556334301675,
      1062.7517232122273,
      1041.1927235300816,
      981.3655497415507,
      1051.877770261784,
      1060.25650640219,
      1041.1106996528144,
      1056.5690270236682,
      1063.526866891536,
      947.8519773961166,
      1022.0375099358877,
      1061.9106117462575,
      1055.0089728588462,
      1044.890000592608,
      1093.4554969925578,
      974.0511640639585,
      1005.5730079284526,
      1053.7238173690453,
      1018.4346131306536,
      1009.0781664290913,
      979.9333419649408,
      1052.9917316277492,
      989.3561063135631
    ],
    "all_times": [
      249.42528367042542,
      249.07955121994019,
      246.65875935554504,
      255.67974948883057,
      243.14824652671814,
      239.1821572780609,
      248.70953106880188,
      248.21629428863525,
      242.87770175933838,
      246.82648921012878,
      243.90928173065186,
      240.56897473335266,
      252.25801706314087,
      2178.9141454696655,
      524.1257605552673,
      586.5835843086243,
      423.40714740753174,
      302.47994446754456,
      316.94668984413147,
      301.43451476097107,
      314.6735861301422,
      262.50121426582336,
      259.1513180732727,
      276.8637418746948,
      288.6531844139099,
      246.36537885665894,
      241.96992230415344,
      272.706392288208,
      316.38535237312317,
      260.6266393661499
    ]
  },
  "Simulated Annealing": {
    "algorithm": "Simulated Annealing",
    "n": 80,
    "best_cost": 1133.2082334099293,
    "mean_cost": 1246.4172963616656,
    "std_cost": 61.086332218788584,
    "min_cost": 1133.2082334099293,
    "max_cost": 1374.7891824361513,
    "mean_time": 0.37237963676452634,
    "std_time": 0.06932630021454886,
    "mean_evals": 10001.0,
    "all_costs": [
      1304.4646835127694,
      1316.4943930808333,
      1284.6732799396075,
      1308.3163662635034,
      1133.2082334099293,
      1374.7891824361513,
      1252.4513373160696,
      1275.1600437776626,
      1271.5158308895118,
      1323.9089447567012,
      1300.288436067345,
      1134.4076841064893,
      1242.2243323398418,
      1198.52924618213,
      1190.1514864493504,
      1257.0384690237815,
      1185.1187462251771,
      1227.4195026346538,
      1327.3910989968915,
      1275.9799818073448,
      1211.785314996718,
      1265.7028087482413,
      1152.9321877207963,
      1248.217426226745,
      1234.7526510367095,
      1266.4685953872272,
      1276.6767182679978,
      1243.6231096104223,
      1166.378562585705,
      1142.4502370536652
    ],
    "all_times": [
      0.3389756679534912,
      0.32618260383605957,
      0.33535027503967285,
      0.3370394706726074,
      0.3317983150482178,
      0.3306457996368408,
      0.3408782482147217,
      0.3416409492492676,
      0.3334355354309082,
      0.3439455032348633,
      0.339510440826416,
      0.335338830947876,
      0.3434634208679199,
      0.33753418922424316,
      0.3529186248779297,
      0.33289051055908203,
      0.34790706634521484,
      0.34103918075561523,
      0.3593873977661133,
      0.3837320804595947,
      0.4137454032897949,
      0.4247310161590576,
      0.4371376037597656,
      0.4747786521911621,
      0.6700112819671631,
      0.47022199630737305,
      0.41210389137268066,
      0.3735823631286621,
      0.33247900009155273,
      0.32898378372192383
    ]
  },
  "Tabu Search": {
    "algorithm": "Tabu Search",
    "n": 80,
    "best_cost": 871.3360476190372,
    "mean_cost": 986.0598551796434,
    "std_cost": 55.236552310447095,