{
  "Hill Climbing First": {
    "algorithm": "Hill Climbing First",
    "n": 50,
    "best_cost": 707.8713856181914,
    "mean_cost": 795.6376569431544,
    "std_cost": 53.809696922469975,
    "min_cost": 707.8713856181914,
    "max_cost": 929.1417878446284,
    "mean_time": 1.3972730875015258,
    "std_time": 0.4580580894986857,
    "mean_evals": 35278.26666666667,
    "all_costs": [
      854.5105914052785,
      854.0769104255212,
      758.1299215838903,
      845.7174897654887,
      715.5619737355398,
      798.8404481165348,
      780.0197611023049,
      806.7563500185006,
      776.2265679623702,
      745.5704809668938,
      791.98384535863,
      781.3588671855507,
      824.6780646908929,
      734.6886154181695,
      713.5484955706892,
      929.1417878446284,
      852.3423515378163,
      753.6016682124025,
      759.7647368368175,
      928.0316928982103,
      808.6213437682762,
      811.3553183218828,
      832.6632210550497,
      761.088326204098,
      818.1349759913684,
      769.9936052531991,
      707.8713856181914,
      780.7526178634557,
      764.1983276583348,
      809.8999659246464
    ],
    "all_times": [
      1.7443904876708984,
      1.307401418685913,
      1.4791646003723145,
      1.1129467487335205,
      1.8086161613464355,
      2.0388667583465576,
      1.7418146133422852,
      1.3143091201782227,
      0.7772266864776611,
      1.064378023147583,
      1.2523460388183594,
      1.0647304058074951,
      2.0500800609588623,
      2.011589527130127,
      1.8192031383514404,
      1.512387752532959,
      1.188720703125,
      1.1482148170471191,
      0.4596743583679199,
      1.353116750717163,
      2.767439126968384,
      1.052520751953125,
      1.146324634552002,
      1.3770549297332764,
      0.7965173721313477,
      1.5010223388671875,
      0.9860777854919434,
      1.1001780033111572,
      1.650174856185913,
      1.2917046546936035
    ]
  },
  "Hill Climbing Best": {
    "algorithm": "Hill Climbing Best",
    "n": 50,
    "best_cost": 727.5865165951091,
    "mean_cost": 806.1512764975421,
    "std_cost": 52.23079268054439,
    "min_cost": 727.5865165951091,
    "max_cost": 932.0803286422105,
    "mean_time": 1.998948836326599,
    "std_time": 0.7416504558088036,
    "mean_evals": 54595.166666666664,
    "all_costs": [
      909.1516645666891,
      861.976695717198,
      734.38299182606,
      932.0803286422105,
      814.6337196176071,
      873.5030991217631,
      734.1243348533217,
      836.5888376981281,
      881.4355558009199,
      782.7584134484457,
      776.685260853035,
      749.5338962972662,
      791.1377607856737,
      732.3415967599514,
      837.1519159489895,
      776.8190552281761,
      813.2967632496683,
      825.9805875686695,
      826.7070401875665,
      818.6470618001723,
      833.7216568905694,
      826.9193749919805,
      727.5865165951091,
      791.3376038327597,
      828.1542607190287,
      800.6749861119018,
      809.9518226355539,
      738.0555328507448,
      743.8607304645697,
      775.3392298625381
    ],
    "all_times": [
      2.1746463775634766,
      3.077580451965332,
      2.3470356464385986,
      2.1261065006256104,
      2.66523814201355,
      2.4411678314208984,
      4.337658882141113,
      3.7828047275543213,
      2.245591640472412,
      2.2114076614379883,
      2.363431215286255,
      2.070706844329834,
      1.3342418670654297,
      1.5841648578643799,
      1.1916580200195312,
      1.2121341228485107,
      1.1937458515167236,
      1.3978540897369385,
      1.3396399021148682,
      1.174839973449707,
      1.1767315864562988,
      1.4518158435821533,
      2.0507304668426514,
      2.3983447551727295,
      1.6750316619873047,
      1.895700216293335,
      1.4406957626342773,
      1.8767523765563965,
      1.9396028518676758,
      1.7914049625396729
    ]
  },
  "Multi-Start HC": {
    "algorithm": "Multi-Start HC",
    "n": 50,
    "best_cost": 653.3721069158031,
    "mean_cost": 697.5823313908725,
    "std_cost": 20.74576912327451,
    "min_cost": 653.3721069158031,
    "max_cost": 731.5401415621099,
    "mean_time": 45.597183052698774,
    "std_time": 17.797725495623066,
    "mean_evals": 1662804.1666666667,
    "all_costs": [
      715.7322895513299,
      679.5668204313747,
      703.0035513362652,
      716.179817755467,
      731.5401415621099,
      708.9817971231333,
      694.8680927674274,
      719.256449343674,
      710.5271052428315,
      730.6600568495485,
      660.0012230119768,
      722.0767349804148,
      692.4966733392777,
      682.1008447540129,
      653.3721069158031,
      675.5873396323216,
      704.830023841192,
      726.6763997513714,
      677.0726749499969,
      720.6838685008572,
      697.0237134345921,
      673.1247767803615,
      682.5560564390204,
      694.9776531476946,
      702.0836053592767,
      665.5482969213944,
      692.5297699383259,
      699.7817381328133,
      683.477763939741,
      711.1525559925675
    ],
    "all_times": [
      78.05263352394104,
      108.34544467926025,
      91.53506302833557,
      55.68393421173096,
      47.87443542480469,
      51.32607913017273,
      50.85823678970337,
      45.89281225204468,
      48.020660161972046,
      46.591777324676514,
      47.887298822402954,
      52.31354093551636,
      47.37450695037842,
      47.293707609176636,
      35.740132331848145,
      36.35550332069397,
      35.62905788421631,
      32.42875671386719,
      30.986417055130005,
      31.500641107559204,
      32.429545879364014,
      31.21337890625,
      32.70229244232178,
      31.950099229812622,
      39.422362089157104,
      39.0982711315155,
      35.0176055431366,
      39.152019023895264,
      32.52378582954407,
      32.715492248535156
    ]
  },
  "Simulated Annealing": {
    "algorithm": "Simulated Annealing",
    "n": 50,
    "best_cost": 665.9873884238809,
    "mean_cost": 771.4250742195511,
    "std_cost": 43.8330149575245,
    "min_cost": 665.9873884238809,
    "max_cost": 865.4259368442432,
    "mean_time": 0.24250346819559734,
    "std_time": 0.013797015652850752,
    "mean_evals": 10001.0,
    "all_costs": [
      807.9415358183131,
      707.9050706358172,
      755.9961924126077,
      865.4259368442432,
      829.0072393695584,
      698.3043379737334,
      709.7372665833558,
      735.4976714849886,
      754.9961781151427,
      752.1828460741622,
      790.8791698538085,
      751.6241959358684,
      790.2971491968792,
      665.9873884238809,
      779.3029337272752,
      786.4550833640384,
      787.8707734129408,
      801.9398067899122,
      734.393776341762,
      773.9534672421834,
      789.3543890317817,
      846.0956957409134,
      825.9936573914914,
      805.1794858314638,
      793.012370271484,
      788.016242917301,
      784.0468240740466,
      725.8913648527184,
      752.1138533282214,
      753.3503235466361
    ],
    "all_times": [
      0.26419997215270996,
      0.2415318489074707,
      0.22395062446594238,
      0.24785804748535156,
      0.23403167724609375,
      0.23238015174865723,
      0.23399019241333008,
      0.23270344734191895,
      0.2334728240966797,
      0.23342180252075195,
      0.24921059608459473,
      0.2334578037261963,
      0.23371529579162598,
      0.23337268829345703,
      0.23310399055480957,
      0.23320317268371582,
      0.2350614070892334,
      0.24779343605041504,
      0.24973368644714355,
      0.2340402603149414,
      0.23240947723388672,
      0.2976341247558594,
      0.2522296905517578,
      0.23359251022338867,
      0.24910616874694824,
      0.25186896324157715,
      0.2528345584869385,
      0.24499177932739258,
      0.25282716751098633,
      0.2473766803741455
    ]
  },
  "Tabu Search": {
    "algorithm": "Tabu Search",
    "n": 50,
    "best_cost": 597.5821921618216,
    "mean_cost": 651.2955809533453,
    "std_cost": 31.565342173773523,
    "min_cost": 597.5821921618216,
    "max_cost": 721.4732867384402,